"measure_code","measure_title","chart_type","area_code","area_type","area_name","primary_split_type","primary_split_value","secondary_split_type","secondary_split_value","tertiary_split_type","tertiary_split_value","fourth_split_type","fourth_split_value","time_period","value","lci","uci","sample_size","unit","value_note"
"in31","Economic activity","trend_moving_average","K02000001","country","United Kingdom","year","2016","seb","Lower working","sex","Women",,,"2014 to 2024",66.703,61.792,71.217,430,"Average","3-year moving average"
"in31","Economic activity","trend_moving_average","K02000001","country","United Kingdom","year","2016","seb","Lower working","sex","Men",,,"2014 to 2024",87.669,83.878,90.678,356,"Average","3-year moving average"
"in31","Economic activity","trend_moving_average","K02000001","country","United Kingdom","year","2016","seb","Higher working","sex","Women",,,"2014 to 2024",78.468,74.085,82.578,406,"Average","3-year moving average"
"in31","Economic activity","trend_moving_average","K02000001","country","United Kingdom","year","2016","seb","Higher working","sex","Men",,,"2014 to 2024",93.129,90.063,95.421,344,"Average","3-year moving average"
"in31","Economic activity","trend_moving_average","K02000001","country","United Kingdom","year","2016","seb","Intermediate","sex","Women",,,"2014 to 2024",80.456,76.48,83.96,480,"Average","3-year moving average"
"in31","Economic activity","trend_moving_average","K02000001","country","United Kingdom","year","2016","seb","Intermediate","sex","Men",,,"2014 to 2024",93.388,90.509,95.324,415,"Average","3-year moving average"
"in31","Economic activity","trend_moving_average","K02000001","country","United Kingdom","year","2016","seb","Lower professional","sex","Women",,,"2014 to 2024",84.452,79.995,87.768,366,"Average","3-year moving average"
"in31","Economic activity","trend_moving_average","K02000001","country","United Kingdom","year","2016","seb","Lower professional","sex","Men",,,"2014 to 2024",93.881,90.857,96.008,325,"Average","3-year moving average"
"in31","Economic activity","trend_moving_average","K02000001","country","United Kingdom","year","2016","seb","Higher professional","sex","Women",,,"2014 to 2024",86.989,82.452,90.361,305,"Average","3-year moving average"
"in31","Economic activity","trend_moving_average","K02000001","country","United Kingdom","year","2016","seb","Higher professional","sex","Men",,,"2014 to 2024",92.337,88.64,95.006,257,"Average","3-year moving average"
"in31","Economic activity","trend_moving_average","K02000001","country","United Kingdom","year","2017","seb","Lower working","sex","Women",,,"2014 to 2024",68.781,64.005,73.283,411,"Average","3-year moving average"
"in31","Economic activity","trend_moving_average","K02000001","country","United Kingdom","year","2017","seb","Lower working","sex","Men",,,"2014 to 2024",87.664,83.838,90.599,345,"Average","3-year moving average"
"in31","Economic activity","trend_moving_average","K02000001","country","United Kingdom","year","2017","seb","Higher working","sex","Women",,,"2014 to 2024",81.053,76.802,84.839,392,"Average","3-year moving average"
"in31","Economic activity","trend_moving_average","K02000001","country","United Kingdom","year","2017","seb","Higher working","sex","Men",,,"2014 to 2024",92.457,89.273,94.761,339,"Average","3-year moving average"
"in31","Economic activity","trend_moving_average","K02000001","country","United Kingdom","year","2017","seb","Intermediate","sex","Women",,,"2014 to 2024",81.454,77.488,84.934,443,"Average","3-year moving average"
"in31","Economic activity","trend_moving_average","K02000001","country","United Kingdom","year","2017","seb","Intermediate","sex","Men",,,"2014 to 2024",93.763,91.006,95.684,400,"Average","3-year moving average"
"in31","Economic activity","trend_moving_average","K02000001","country","United Kingdom","year","2017","seb","Lower professional","sex","Women",,,"2014 to 2024",85.962,81.971,89.236,368,"Average","3-year moving average"
"in31","Economic activity","trend_moving_average","K02000001","country","United Kingdom","year","2017","seb","Lower professional","sex","Men",,,"2014 to 2024",94.098,91.213,96.242,316,"Average","3-year moving average"
"in31","Economic activity","trend_moving_average","K02000001","country","United Kingdom","year","2017","seb","Higher professional","sex","Women",,,"2014 to 2024",88.223,84.14,91.468,302,"Average","3-year moving average"
"in31","Economic activity","trend_moving_average","K02000001","country","United Kingdom","year","2017","seb","Higher professional","sex","Men",,,"2014 to 2024",92.838,89.17,95.076,277,"Average","3-year moving average"
"in31","Economic activity","trend_moving_average","K02000001","country","United Kingdom","year","2018","seb","Lower working","sex","Women",,,"2014 to 2024",69.534,64.714,74.194,381,"Average","3-year moving average"
"in31","Economic activity","trend_moving_average","K02000001","country","United Kingdom","year","2018","seb","Lower working","sex","Men",,,"2014 to 2024",86.874,82.927,89.991,318,"Average","3-year moving average"
"in31","Economic activity","trend_moving_average","K02000001","country","United Kingdom","year","2018","seb","Higher working","sex","Women",,,"2014 to 2024",80.565,76.107,84.314,374,"Average","3-year moving average"
"in31","Economic activity","trend_moving_average","K02000001","country","United Kingdom","year","2018","seb","Higher working","sex","Men",,,"2014 to 2024",92.381,89.193,94.721,323,"Average","3-year moving average"
"in31","Economic activity","trend_moving_average","K02000001","country","United Kingdom","year","2018","seb","Intermediate","sex","Women",,,"2014 to 2024",82.671,78.626,86.085,404,"Average","3-year moving average"
"in31","Economic activity","trend_moving_average","K02000001","country","United Kingdom","year","2018","seb","Intermediate","sex","Men",,,"2014 to 2024",92.942,89.963,94.989,371,"Average","3-year moving average"
"in31","Economic activity","trend_moving_average","K02000001","country","United Kingdom","year","2018","seb","Lower professional","sex","Women",,,"2014 to 2024",86.143,82.246,89.406,359,"Average","3-year moving average"
"in31","Economic activity","trend_moving_average","K02000001","country","United Kingdom","year","2018","seb","Lower professional","sex","Men",,,"2014 to 2024",94.555,91.625,96.423,318,"Average","3-year moving average"
"in31","Economic activity","trend_moving_average","K02000001","country","United Kingdom","year","2018","seb","Higher professional","sex","Women",,,"2014 to 2024",88.323,84.466,91.651,297,"Average","3-year moving average"
"in31","Economic activity","trend_moving_average","K02000001","country","United Kingdom","year","2018","seb","Higher professional","sex","Men",,,"2014 to 2024",92.964,89.631,95.372,264,"Average","3-year moving average"
"in31","Economic activity","trend_moving_average","K02000001","country","United Kingdom","year","2019","seb","Lower working","sex","Women",,,"2014 to 2024",71.308,66.54,75.874,367,"Average","3-year moving average"
"in31","Economic activity","trend_moving_average","K02000001","country","United Kingdom","year","2019","seb","Lower working","sex","Men",,,"2014 to 2024",86.263,82.135,89.449,299,"Average","3-year moving average"
"in31","Economic activity","trend_moving_average","K02000001","country","United Kingdom","year","2019","seb","Higher working","sex","Women",,,"2014 to 2024",80.253,75.678,84.215,341,"Average","3-year moving average"
"in31","Economic activity","trend_moving_average","K02000001","country","United Kingdom","year","2019","seb","Higher working","sex","Men",,,"2014 to 2024",92.74,89.609,95.206,295,"Average","3-year moving average"
"in31","Economic activity","trend_moving_average","K02000001","country","United Kingdom","year","2019","seb","Intermediate","sex","Women",,,"2014 to 2024",84.197,80.258,87.534,389,"Average","3-year moving average"
"in31","Economic activity","trend_moving_average","K02000001","country","United Kingdom","year","2019","seb","Intermediate","sex","Men",,,"2014 to 2024",93.175,90.425,95.226,373,"Average","3-year moving average"
"in31","Economic activity","trend_moving_average","K02000001","country","United Kingdom","year","2019","seb","Lower professional","sex","Women",,,"2014 to 2024",87.123,83.573,90.279,371,"Average","3-year moving average"
"in31","Economic activity","trend_moving_average","K02000001","country","United Kingdom","year","2019","seb","Lower professional","sex","Men",,,"2014 to 2024",94.224,91.437,96.268,313,"Average","3-year moving average"
"in31","Economic activity","trend_moving_average","K02000001","country","United Kingdom","year","2019","seb","Higher professional","sex","Women",,,"2014 to 2024",89.418,85.483,92.356,301,"Average","3-year moving average"
"in31","Economic activity","trend_moving_average","K02000001","country","United Kingdom","year","2019","seb","Higher professional","sex","Men",,,"2014 to 2024",94.123,90.883,96.097,273,"Average","3-year moving average"
"in31","Economic activity","trend_moving_average","K02000001","country","United Kingdom","year","2020","seb","Lower working","sex","Women",,,"2014 to 2024",73.97,69.055,78.437,305,"Average","3-year moving average"
"in31","Economic activity","trend_moving_average","K02000001","country","United Kingdom","year","2020","seb","Lower working","sex","Men",,,"2014 to 2024",84.864,80.599,88.499,241,"Average","3-year moving average"
"in31","Economic activity","trend_moving_average","K02000001","country","United Kingdom","year","2020","seb","Higher working","sex","Women",,,"2014 to 2024",80.344,75.757,84.481,291,"Average","3-year moving average"
"in31","Economic activity","trend_moving_average","K02000001","country","United Kingdom","year","2020","seb","Higher working","sex","Men",,,"2014 to 2024",91.876,88.385,94.386,251,"Average","3-year moving average"
"in31","Economic activity","trend_moving_average","K02000001","country","United Kingdom","year","2020","seb","Intermediate","sex","Women",,,"2014 to 2024",85.529,81.709,88.81,342,"Average","3-year moving average"
"in31","Economic activity","trend_moving_average","K02000001","country","United Kingdom","year","2020","seb","Intermediate","sex","Men",,,"2014 to 2024",92.226,89.243,94.501,310,"Average","3-year moving average"
"in31","Economic activity","trend_moving_average","K02000001","country","United Kingdom","year","2020","seb","Lower professional","sex","Women",,,"2014 to 2024",87.572,83.993,90.488,343,"Average","3-year moving average"
"in31","Economic activity","trend_moving_average","K02000001","country","United Kingdom","year","2020","seb","Lower professional","sex","Men",,,"2014 to 2024",92.851,89.839,94.984,288,"Average","3-year moving average"
"in31","Economic activity","trend_moving_average","K02000001","country","United Kingdom","year","2020","seb","Higher professional","sex","Women",,,"2014 to 2024",89.82,85.968,92.621,280,"Average","3-year moving average"
"in31","Economic activity","trend_moving_average","K02000001","country","United Kingdom","year","2020","seb","Higher professional","sex","Men",,,"2014 to 2024",93.556,90.597,95.815,248,"Average","3-year moving average"
"in31","Economic activity","trend_moving_average","K02000001","country","United Kingdom","year","2021","seb","Lower working","sex","Women",,,"2014 to 2024",75.202,70.126,79.454,278,"Average","3-year moving average"
"in31","Economic activity","trend_moving_average","K02000001","country","United Kingdom","year","2021","seb","Lower working","sex","Men",,,"2014 to 2024",83.081,78.556,86.843,227,"Average","3-year moving average"
"in31","Economic activity","trend_moving_average","K02000001","country","United Kingdom","year","2021","seb","Higher working","sex","Women",,,"2014 to 2024",82.091,77.379,86.146,252,"Average","3-year moving average"
"in31","Economic activity","trend_moving_average","K02000001","country","United Kingdom","year","2021","seb","Higher working","sex","Men",,,"2014 to 2024",91.558,87.765,94.155,217,"Average","3-year moving average"
"in31","Economic activity","trend_moving_average","K02000001","country","United Kingdom","year","2021","seb","Intermediate","sex","Women",,,"2014 to 2024",86.689,82.791,89.693,335,"Average","3-year moving average"
"in31","Economic activity","trend_moving_average","K02000001","country","United Kingdom","year","2021","seb","Intermediate","sex","Men",,,"2014 to 2024",93.538,90.73,95.548,307,"Average","3-year moving average"
"in31","Economic activity","trend_moving_average","K02000001","country","United Kingdom","year","2021","seb","Lower professional","sex","Women",,,"2014 to 2024",89.114,85.832,91.999,334,"Average","3-year moving average"
"in31","Economic activity","trend_moving_average","K02000001","country","United Kingdom","year","2021","seb","Lower professional","sex","Men",,,"2014 to 2024",92.323,89.43,94.715,279,"Average","3-year moving average"
"in31","Economic activity","trend_moving_average","K02000001","country","United Kingdom","year","2021","seb","Higher professional","sex","Women",,,"2014 to 2024",89.704,85.842,92.417,283,"Average","3-year moving average"
"in31","Economic activity","trend_moving_average","K02000001","country","United Kingdom","year","2021","seb","Higher professional","sex","Men",,,"2014 to 2024",93.386,90.455,95.606,262,"Average","3-year moving average"
"in31","Economic activity","trend_moving_average","K02000001","country","United Kingdom","year","2022","seb","Lower working","sex","Women",,,"2014 to 2024",76.296,71.317,80.809,225,"Average","3-year moving average"
"in31","Economic activity","trend_moving_average","K02000001","country","United Kingdom","year","2022","seb","Lower working","sex","Men",,,"2014 to 2024",82.964,78.066,86.716,189,"Average","3-year moving average"
"in31","Economic activity","trend_moving_average","K02000001","country","United Kingdom","year","2022","seb","Higher working","sex","Women",,,"2014 to 2024",82.32,77.279,86.422,201,"Average","3-year moving average"
"in31","Economic activity","trend_moving_average","K02000001","country","United Kingdom","year","2022","seb","Higher working","sex","Men",,,"2014 to 2024",91.515,87.519,94.117,181,"Average","3-year moving average"
"in31","Economic activity","trend_moving_average","K02000001","country","United Kingdom","year","2022","seb","Intermediate","sex","Women",,,"2014 to 2024",86.409,82.58,89.562,291,"Average","3-year moving average"
"in31","Economic activity","trend_moving_average","K02000001","country","United Kingdom","year","2022","seb","Intermediate","sex","Men",,,"2014 to 2024",92.24,89.137,94.504,258,"Average","3-year moving average"
"in31","Economic activity","trend_moving_average","K02000001","country","United Kingdom","year","2022","seb","Lower professional","sex","Women",,,"2014 to 2024",89.063,85.5,91.752,295,"Average","3-year moving average"
"in31","Economic activity","trend_moving_average","K02000001","country","United Kingdom","year","2022","seb","Lower professional","sex","Men",,,"2014 to 2024",91.751,88.784,94.202,256,"Average","3-year moving average"
"in31","Economic activity","trend_moving_average","K02000001","country","United Kingdom","year","2022","seb","Higher professional","sex","Women",,,"2014 to 2024",88.844,85.24,91.887,261,"Average","3-year moving average"
"in31","Economic activity","trend_moving_average","K02000001","country","United Kingdom","year","2022","seb","Higher professional","sex","Men",,,"2014 to 2024",92.201,88.876,94.494,237,"Average","3-year moving average"
"in31","Economic activity","trend_moving_average","K02000001","country","United Kingdom","year","2023","seb","Lower working","sex","Women",,,"2014 to 2024",73.389,68.155,77.957,195,"Average","3-year moving average"
"in31","Economic activity","trend_moving_average","K02000001","country","United Kingdom","year","2023","seb","Lower working","sex","Men",,,"2014 to 2024",83.014,78.259,86.775,170,"Average","3-year moving average"
"in31","Economic activity","trend_moving_average","K02000001","country","United Kingdom","year","2023","seb","Higher working","sex","Women",,,"2014 to 2024",82.59,77.417,87.061,160,"Average","3-year moving average"
"in31","Economic activity","trend_moving_average","K02000001","country","United Kingdom","year","2023","seb","Higher working","sex","Men",,,"2014 to 2024",92.958,89.272,95.48,151,"Average","3-year moving average"
"in31","Economic activity","trend_moving_average","K02000001","country","United Kingdom","year","2023","seb","Intermediate","sex","Women",,,"2014 to 2024",87.073,83.271,90.201,253,"Average","3-year moving average"
"in31","Economic activity","trend_moving_average","K02000001","country","United Kingdom","year","2023","seb","Intermediate","sex","Men",,,"2014 to 2024",91.345,88.144,93.801,237,"Average","3-year moving average"
"in31","Economic activity","trend_moving_average","K02000001","country","United Kingdom","year","2023","seb","Lower professional","sex","Women",,,"2014 to 2024",89.968,86.478,92.709,240,"Average","3-year moving average"
"in31","Economic activity","trend_moving_average","K02000001","country","United Kingdom","year","2023","seb","Lower professional","sex","Men",,,"2014 to 2024",93.085,90.012,95.396,212,"Average","3-year moving average"
"in31","Economic activity","trend_moving_average","K02000001","country","United Kingdom","year","2023","seb","Higher professional","sex","Women",,,"2014 to 2024",88.844,84.886,91.817,218,"Average","3-year moving average"
"in31","Economic activity","trend_moving_average","K02000001","country","United Kingdom","year","2023","seb","Higher professional","sex","Men",,,"2014 to 2024",91.075,87.703,93.689,208,"Average","3-year moving average"
"in31","Economic activity","trend_moving_average","K02000001","country","United Kingdom","year","2024","seb","Lower working","sex","Women",,,"2014 to 2024",74.274,69.285,78.934,167,"Average","3-year moving average"
"in31","Economic activity","trend_moving_average","K02000001","country","United Kingdom","year","2024","seb","Lower working","sex","Men",,,"2014 to 2024",84.342,79.669,88.054,142,"Average","3-year moving average"
"in31","Economic activity","trend_moving_average","K02000001","country","United Kingdom","year","2024","seb","Higher working","sex","Women",,,"2014 to 2024",82.423,77.249,86.873,138,"Average","3-year moving average"
"in31","Economic activity","trend_moving_average","K02000001","country","United Kingdom","year","2024","seb","Higher working","sex","Men",,,"2014 to 2024",94.417,90.928,96.674,129,"Average","3-year moving average"
"in31","Economic activity","trend_moving_average","K02000001","country","United Kingdom","year","2024","seb","Intermediate","sex","Women",,,"2014 to 2024",86.63,82.855,89.784,223,"Average","3-year moving average"
"in31","Economic activity","trend_moving_average","K02000001","country","United Kingdom","year","2024","seb","Intermediate","sex","Men",,,"2014 to 2024",90.612,87.062,93.034,202,"Average","3-year moving average"
"in31","Economic activity","trend_moving_average","K02000001","country","United Kingdom","year","2024","seb","Lower professional","sex","Women",,,"2014 to 2024",89.155,85.408,91.864,208,"Average","3-year moving average"
"in31","Economic activity","trend_moving_average","K02000001","country","United Kingdom","year","2024","seb","Lower professional","sex","Men",,,"2014 to 2024",92.398,89.243,94.813,186,"Average","3-year moving average"
"in31","Economic activity","trend_moving_average","K02000001","country","United Kingdom","year","2024","seb","Higher professional","sex","Women",,,"2014 to 2024",89.716,85.607,92.424,184,"Average","3-year moving average"
"in31","Economic activity","trend_moving_average","K02000001","country","United Kingdom","year","2024","seb","Higher professional","sex","Men",,,"2014 to 2024",89.141,85.457,92.137,173,"Average","3-year moving average"
"in31","Economic activity","trend_moving_average","K02000001","country","United Kingdom","year","2016","seb","Lower working","sex",,,,"2014 to 2024",77.022,73.997,79.97,786,"Average","3-year moving average"
"in31","Economic activity","trend_moving_average","K02000001","country","United Kingdom","year","2016","seb","Higher working","sex",,,,"2014 to 2024",85.829,83.1,88.184,750,"Average","3-year moving average"
"in31","Economic activity","trend_moving_average","K02000001","country","United Kingdom","year","2016","seb","Intermediate","sex",,,,"2014 to 2024",86.967,84.535,89.006,895,"Average","3-year moving average"
"in31","Economic activity","trend_moving_average","K02000001","country","United Kingdom","year","2016","seb","Lower professional","sex",,,,"2014 to 2024",89.267,86.802,91.399,691,"Average","3-year moving average"
"in31","Economic activity","trend_moving_average","K02000001","country","United Kingdom","year","2016","seb","Higher professional","sex",,,,"2014 to 2024",89.653,86.85,91.877,561,"Average","3-year moving average"
"in31","Economic activity","trend_moving_average","K02000001","country","United Kingdom","year","2017","seb","Lower working","sex",,,,"2014 to 2024",78.143,75.073,80.932,756,"Average","3-year moving average"
"in31","Economic activity","trend_moving_average","K02000001","country","United Kingdom","year","2017","seb","Higher working","sex",,,,"2014 to 2024",86.826,84.132,89.004,732,"Average","3-year moving average"
"in31","Economic activity","trend_moving_average","K02000001","country","United Kingdom","year","2017","seb","Intermediate","sex",,,,"2014 to 2024",87.736,85.362,89.753,842,"Average","3-year moving average"
"in31","Economic activity","trend_moving_average","K02000001","country","United Kingdom","year","2017","seb","Lower professional","sex",,,,"2014 to 2024",90.037,87.542,91.963,684,"Average","3-year moving average"
"in31","Economic activity","trend_moving_average","K02000001","country","United Kingdom","year","2017","seb","Higher professional","sex",,,,"2014 to 2024",90.583,87.944,92.569,579,"Average","3-year moving average"
"in31","Economic activity","trend_moving_average","K02000001","country","United Kingdom","year","2018","seb","Lower working","sex",,,,"2014 to 2024",78.21,75.119,81.111,698,"Average","3-year moving average"
"in31","Economic activity","trend_moving_average","K02000001","country","United Kingdom","year","2018","seb","Higher working","sex",,,,"2014 to 2024",86.579,83.91,88.846,697,"Average","3-year moving average"
"in31","Economic activity","trend_moving_average","K02000001","country","United Kingdom","year","2018","seb","Intermediate","sex",,,,"2014 to 2024",87.965,85.643,90.077,775,"Average","3-year moving average"
"in31","Economic activity","trend_moving_average","K02000001","country","United Kingdom","year","2018","seb","Lower professional","sex",,,,"2014 to 2024",90.421,88.074,92.337,677,"Average","3-year moving average"
"in31","Economic activity","trend_moving_average","K02000001","country","United Kingdom","year","2018","seb","Higher professional","sex",,,,"2014 to 2024",90.684,88.3,92.824,561,"Average","3-year moving average"
"in31","Economic activity","trend_moving_average","K02000001","country","United Kingdom","year","2019","seb","Lower working","sex",,,,"2014 to 2024",78.687,75.567,81.563,666,"Average","3-year moving average"
"in31","Economic activity","trend_moving_average","K02000001","country","United Kingdom","year","2019","seb","Higher working","sex",,,,"2014 to 2024",86.586,83.765,88.892,636,"Average","3-year moving average"
"in31","Economic activity","trend_moving_average","K02000001","country","United Kingdom","year","2019","seb","Intermediate","sex",,,,"2014 to 2024",88.983,86.705,90.952,762,"Average","3-year moving average"
"in31","Economic activity","trend_moving_average","K02000001","country","United Kingdom","year","2019","seb","Lower professional","sex",,,,"2014 to 2024",90.648,88.388,92.522,685,"Average","3-year moving average"
"in31","Economic activity","trend_moving_average","K02000001","country","United Kingdom","year","2019","seb","Higher professional","sex",,,,"2014 to 2024",91.858,89.418,93.636,574,"Average","3-year moving average"
"in31","Economic activity","trend_moving_average","K02000001","country","United Kingdom","year","2020","seb","Lower working","sex",,,,"2014 to 2024",79.3,75.967,82.144,546,"Average","3-year moving average"
"in31","Economic activity","trend_moving_average","K02000001","country","United Kingdom","year","2020","seb","Higher working","sex",,,,"2014 to 2024",86.256,83.476,88.735,542,"Average","3-year moving average"
"in31","Economic activity","trend_moving_average","K02000001","country","United Kingdom","year","2020","seb","Intermediate","sex",,,,"2014 to 2024",89.018,86.722,91.06,653,"Average","3-year moving average"
"in31","Economic activity","trend_moving_average","K02000001","country","United Kingdom","year","2020","seb","Lower professional","sex",,,,"2014 to 2024",90.222,87.975,92.075,631,"Average","3-year moving average"
"in31","Economic activity","trend_moving_average","K02000001","country","United Kingdom","year","2020","seb","Higher professional","sex",,,,"2014 to 2024",91.761,89.487,93.622,528,"Average","3-year moving average"
"in31","Economic activity","trend_moving_average","K02000001","country","United Kingdom","year","2021","seb","Lower working","sex",,,,"2014 to 2024",79.075,75.88,82.096,505,"Average","3-year moving average"
"in31","Economic activity","trend_moving_average","K02000001","country","United Kingdom","year","2021","seb","Higher working","sex",,,,"2014 to 2024",86.93,84.002,89.377,469,"Average","3-year moving average"
"in31","Economic activity","trend_moving_average","K02000001","country","United Kingdom","year","2021","seb","Intermediate","sex",,,,"2014 to 2024",90.296,88.019,92.125,642,"Average","3-year moving average"
"in31","Economic activity","trend_moving_average","K02000001","country","United Kingdom","year","2021","seb","Lower professional","sex",,,,"2014 to 2024",90.728,88.449,92.496,613,"Average","3-year moving average"
"in31","Economic activity","trend_moving_average","K02000001","country","United Kingdom","year","2021","seb","Higher professional","sex",,,,"2014 to 2024",91.629,89.345,93.426,545,"Average","3-year moving average"
"in31","Economic activity","trend_moving_average","K02000001","country","United Kingdom","year","2022","seb","Lower working","sex",,,,"2014 to 2024",79.567,76.151,82.55,414,"Average","3-year moving average"
"in31","Economic activity","trend_moving_average","K02000001","country","United Kingdom","year","2022","seb","Higher working","sex",,,,"2014 to 2024",87.102,83.982,89.533,382,"Average","3-year moving average"
"in31","Economic activity","trend_moving_average","K02000001","country","United Kingdom","year","2022","seb","Intermediate","sex",,,,"2014 to 2024",89.416,87.061,91.394,550,"Average","3-year moving average"
"in31","Economic activity","trend_moving_average","K02000001","country","United Kingdom","year","2022","seb","Lower professional","sex",,,,"2014 to 2024",90.429,88.233,92.31,551,"Average","3-year moving average"
"in31","Economic activity","trend_moving_average","K02000001","country","United Kingdom","year","2022","seb","Higher professional","sex",,,,"2014 to 2024",90.568,88.24,92.518,498,"Average","3-year moving average"
"in31","Economic activity","trend_moving_average","K02000001","country","United Kingdom","year","2023","seb","Lower working","sex",,,,"2014 to 2024",78.141,74.652,81.146,365,"Average","3-year moving average"
"in31","Economic activity","trend_moving_average","K02000001","country","United Kingdom","year","2023","seb","Higher working","sex",,,,"2014 to 2024",88.177,85.025,90.606,311,"Average","3-year moving average"
"in31","Economic activity","trend_moving_average","K02000001","country","United Kingdom","year","2023","seb","Intermediate","sex",,,,"2014 to 2024",89.286,86.808,91.222,490,"Average","3-year moving average"
"in31","Economic activity","trend_moving_average","K02000001","country","United Kingdom","year","2023","seb","Lower professional","sex",,,,"2014 to 2024",91.506,89.169,93.264,452,"Average","3-year moving average"
"in31","Economic activity","trend_moving_average","K02000001","country","United Kingdom","year","2023","seb","Higher professional","sex",,,,"2014 to 2024",90.013,87.552,92.044,426,"Average","3-year moving average"
"in31","Economic activity","trend_moving_average","K02000001","country","United Kingdom","year","2024","seb","Lower working","sex",,,,"2014 to 2024",79.15,75.807,82.223,310,"Average","3-year moving average"
"in31","Economic activity","trend_moving_average","K02000001","country","United Kingdom","year","2024","seb","Higher working","sex",,,,"2014 to 2024",88.735,85.784,91.269,267,"Average","3-year moving average"
"in31","Economic activity","trend_moving_average","K02000001","country","United Kingdom","year","2024","seb","Intermediate","sex",,,,"2014 to 2024",88.645,86.138,90.657,425,"Average","3-year moving average"
"in31","Economic activity","trend_moving_average","K02000001","country","United Kingdom","year","2024","seb","Lower professional","sex",,,,"2014 to 2024",90.762,88.545,92.741,394,"Average","3-year moving average"
"in31","Economic activity","trend_moving_average","K02000001","country","United Kingdom","year","2024","seb","Higher professional","sex",,,,"2014 to 2024",89.42,86.773,91.48,357,"Average","3-year moving average"
"in31","Economic activity","seb","K02000001","country","United Kingdom","economically_active_binary","Active","seb","Lower working",,,,,"2024",79.847,75.024,83.821,341,"Percent",
"in31","Economic activity","seb","K02000001","country","United Kingdom","economically_active_binary","Active","seb","Higher working",,,,,"2024",89.542,85.47,92.827,291,"Percent",
"in31","Economic activity","seb","K02000001","country","United Kingdom","economically_active_binary","Active","seb","Intermediate",,,,,"2024",88.322,85.008,90.979,479,"Percent",
"in31","Economic activity","seb","K02000001","country","United Kingdom","economically_active_binary","Active","seb","Lower professional",,,,,"2024",90.654,87.581,93.163,453,"Percent",
"in31","Economic activity","seb","K02000001","country","United Kingdom","economically_active_binary","Active","seb","Higher professional",,,,,"2024",88.487,84.602,91.398,371,"Percent",
"in31","Economic activity","seb","K02000001","country","United Kingdom","economically_active_binary","Active","seb",,,,,,"2024",87.505,85.918,88.918,1935,"Percent",
"in31","Economic activity","sex","K02000001","country","United Kingdom","economically_active_binary","Active","seb","Lower working","sex","Women",,,"2014-2024",71.588,70.03,73.099,3379,"Percent",
"in31","Economic activity","sex","K02000001","country","United Kingdom","economically_active_binary","Active","seb","Lower working","sex","Men",,,"2014-2024",85.536,84.167,86.814,2787,"Percent",
"in31","Economic activity","sex","K02000001","country","United Kingdom","economically_active_binary","Active","seb","Higher working","sex","Women",,,"2014-2024",80.597,79.147,81.964,3097,"Percent",
"in31","Economic activity","sex","K02000001","country","United Kingdom","economically_active_binary","Active","seb","Higher working","sex","Men",,,"2014-2024",92.885,91.838,93.816,2700,"Percent",
"in31","Economic activity","sex","K02000001","country","United Kingdom","economically_active_binary","Active","seb","Intermediate","sex","Women",,,"2014-2024",84.174,82.983,85.302,3893,"Percent",
"in31","Economic activity","sex","K02000001","country","United Kingdom","economically_active_binary","Active","seb","Intermediate","sex","Men",,,"2014-2024",92.575,91.643,93.41,3501,"Percent",
"in31","Economic activity","sex","K02000001","country","United Kingdom","economically_active_binary","Active","seb","Lower professional","sex","Women",,,"2014-2024",87.539,86.369,88.597,3471,"Percent",
"in31","Economic activity","sex","K02000001","country","United Kingdom","economically_active_binary","Active","seb","Lower professional","sex","Men",,,"2014-2024",93.075,92.1,93.949,3006,"Percent",
"in31","Economic activity","sex","K02000001","country","United Kingdom","economically_active_binary","Active","seb","Higher professional","sex","Women",,,"2014-2024",88.906,87.685,90.004,2909,"Percent",
"in31","Economic activity","sex","K02000001","country","United Kingdom","economically_active_binary","Active","seb","Higher professional","sex","Men",,,"2014-2024",91.959,90.831,92.958,2611,"Percent",
"in31","Economic activity","ethnicity","K02000001","country","United Kingdom","economically_active_binary","1","seb","Lower working","ethnicity","White British",,,"2014-2024",86.245,85.082,87.33,,"Percent",
"in31","Economic activity","ethnicity","K02000001","country","United Kingdom","economically_active_binary","1","seb","Higher professional","ethnicity","White British",,,"2014-2024",94.346,93.636,94.98,,"Percent",
"in31","Economic activity","ethnicity","K02000001","country","United Kingdom","economically_active_binary","1","seb","Lower working","ethnicity","Bangladeshi",,,"2014-2024",69.8,61.665,76.856,,"Percent",
"in31","Economic activity","ethnicity","K02000001","country","United Kingdom","economically_active_binary","1","seb","Higher professional","ethnicity","Bangladeshi",,,"2014-2024",86.015,80.844,89.964,,"Percent",
"in31","Economic activity","ethnicity","K02000001","country","United Kingdom","economically_active_binary","1","seb","Lower working","ethnicity","Black African",,,"2014-2024",83.223,78.771,86.896,,"Percent",
"in31","Economic activity","ethnicity","K02000001","country","United Kingdom","economically_active_binary","1","seb","Higher professional","ethnicity","Black African",,,"2014-2024",92.958,90.713,94.692,,"Percent",
"in31","Economic activity","ethnicity","K02000001","country","United Kingdom","economically_active_binary","1","seb","Lower working","ethnicity","Black Caribbean",,,"2014-2024",91.719,87.237,94.722,,"Percent",
"in31","Economic activity","ethnicity","K02000001","country","United Kingdom","economically_active_binary","1","seb","Higher professional","ethnicity","Black Caribbean",,,"2014-2024",96.718,94.75,97.965,,"Percent",
"in31","Economic activity","ethnicity","K02000001","country","United Kingdom","economically_active_binary","1","seb","Lower working","ethnicity","Chinese",,,"2014-2024",62.907,53.356,71.544,,"Percent",
"in31","Economic activity","ethnicity","K02000001","country","United Kingdom","economically_active_binary","1","seb","Higher professional","ethnicity","Chinese",,,"2014-2024",81.862,75.241,87.017,,"Percent",
"in31","Economic activity","ethnicity","K02000001","country","United Kingdom","economically_active_binary","1","seb","Lower working","ethnicity","Indian",,,"2014-2024",82.591,78.907,85.747,,"Percent",
"in31","Economic activity","ethnicity","K02000001","country","United Kingdom","economically_active_binary","1","seb","Higher professional","ethnicity","Indian",,,"2014-2024",92.66,90.807,94.164,,"Percent",
"in31","Economic activity","ethnicity","K02000001","country","United Kingdom","economically_active_binary","1","seb","Lower working","ethnicity","Mixed",,,"2014-2024",80.231,75.472,84.259,,"Percent",
"in31","Economic activity","ethnicity","K02000001","country","United Kingdom","economically_active_binary","1","seb","Higher professional","ethnicity","Mixed",,,"2014-2024",91.526,88.956,93.541,,"Percent",
"in31","Economic activity","ethnicity","K02000001","country","United Kingdom","economically_active_binary","1","seb","Lower working","ethnicity","Other",,,"2014-2024",73.005,68.86,76.783,,"Percent",
"in31","Economic activity","ethnicity","K02000001","country","United Kingdom","economically_active_binary","1","seb","Higher professional","ethnicity","Other",,,"2014-2024",87.8,85.264,89.951,,"Percent",
"in31","Economic activity","ethnicity","K02000001","country","United Kingdom","economically_active_binary","1","seb","Lower working","ethnicity","Pakistani",,,"2014-2024",66.788,61.62,71.581,,"Percent",
"in31","Economic activity","ethnicity","K02000001","country","United Kingdom","economically_active_binary","1","seb","Higher professional","ethnicity","Pakistani",,,"2014-2024",84.256,80.705,87.256,,"Percent",
"in31","Economic activity","ethnicity","K02000001","country","United Kingdom","economically_active_binary","1","seb","Lower working","ethnicity","White other",,,"2014-2024",87.332,85.426,89.021,,"Percent",
"in31","Economic activity","ethnicity","K02000001","country","United Kingdom","economically_active_binary","1","seb","Higher professional","ethnicity","White other",,,"2014-2024",94.831,93.815,95.688,,"Percent",
"in31","Economic activity","disability","K02000001","country","United Kingdom","economically_active_binary","Active","seb","Lower working","disability","Yes",,,"2014-2024",48.496,45.516,51.454,1118,"Percent",
"in31","Economic activity","disability","K02000001","country","United Kingdom","economically_active_binary","Active","seb","Lower working","disability","No",,,"2014-2024",85.697,84.694,86.646,5048,"Percent",
"in31","Economic activity","disability","K02000001","country","United Kingdom","economically_active_binary","Active","seb","Higher working","disability","Yes",,,"2014-2024",60.789,57.101,64.42,707,"Percent",
"in31","Economic activity","disability","K02000001","country","United Kingdom","economically_active_binary","Active","seb","Higher working","disability","No",,,"2014-2024",90.663,89.828,91.446,5090,"Percent",
"in31","Economic activity","disability","K02000001","country","United Kingdom","economically_active_binary","Active","seb","Intermediate","disability","Yes",,,"2014-2024",65,61.645,68.171,848,"Percent",
"in31","Economic activity","disability","K02000001","country","United Kingdom","economically_active_binary","Active","seb","Intermediate","disability","No",,,"2014-2024",91.779,91.083,92.43,6546,"Percent",
"in31","Economic activity","disability","K02000001","country","United Kingdom","economically_active_binary","Active","seb","Lower professional","disability","Yes",,,"2014-2024",69.276,65.738,72.663,707,"Percent",
"in31","Economic activity","disability","K02000001","country","United Kingdom","economically_active_binary","Active","seb","Lower professional","disability","No",,,"2014-2024",93.001,92.302,93.637,5770,"Percent",
"in31","Economic activity","disability","K02000001","country","United Kingdom","economically_active_binary","Active","seb","Higher professional","disability","Yes",,,"2014-2024",75.191,71.328,78.769,541,"Percent",
"in31","Economic activity","disability","K02000001","country","United Kingdom","economically_active_binary","Active","seb","Higher professional","disability","No",,,"2014-2024",92.184,91.398,92.91,4979,"Percent",
"in31","Economic activity","geography_caterpillar",,"ITL2","Bedfordshire and Hertfordshire","economically_active_binary","1","itl2_adolescent_geo","Bedfordshire and Hertfordshire","quintile","4",,,"2018-2024",1.551,-1.101,4.202,,"Percent","Random effect from a linear mixed-effects model"
"in31","Economic activity","geography_caterpillar",,"ITL2","Berkshire, Buckinghamshire and Oxfordshire","economically_active_binary","1","itl2_adolescent_geo","Berkshire, Buckinghamshire and Oxfordshire","quintile","3",,,"2018-2024",0.207,-2.089,2.503,,"Percent","Random effect from a linear mixed-effects model"
"in31","Economic activity","geography_caterpillar",,"ITL2","Cheshire","economically_active_binary","1","itl2_adolescent_geo","Cheshire","quintile","5",,,"2018-2024",3.015,-0.198,6.228,,"Percent","Random effect from a linear mixed-effects model"
"in31","Economic activity","geography_caterpillar",,"ITL2","Cornwall and Isles of Scilly","economically_active_binary","1","itl2_adolescent_geo","Cornwall and Isles of Scilly","quintile","2",,,"2018-2024",-0.814,-4.546,2.917,,"Percent","Random effect from a linear mixed-effects model"
"in31","Economic activity","geography_caterpillar",,"ITL2","Cumbria","economically_active_binary","1","itl2_adolescent_geo","Cumbria","quintile","4",,,"2018-2024",1.256,-2.405,4.917,,"Percent","Random effect from a linear mixed-effects model"
"in31","Economic activity","geography_caterpillar",,"ITL2","Derbyshire and Nottinghamshire","economically_active_binary","1","itl2_adolescent_geo","Derbyshire and Nottinghamshire","quintile","4",,,"2018-2024",1.111,-1.318,3.539,,"Percent","Random effect from a linear mixed-effects model"
"in31","Economic activity","geography_caterpillar",,"ITL2","Devon","economically_active_binary","1","itl2_adolescent_geo","Devon","quintile","4",,,"2018-2024",1.19,-1.824,4.203,,"Percent","Random effect from a linear mixed-effects model"
"in31","Economic activity","geography_caterpillar",,"ITL2","Dorset and Somerset","economically_active_binary","1","itl2_adolescent_geo","Dorset and Somerset","quintile","3",,,"2018-2024",0.44,-2.488,3.367,,"Percent","Random effect from a linear mixed-effects model"
"in31","Economic activity","geography_caterpillar",,"ITL2","East Anglia","economically_active_binary","1","itl2_adolescent_geo","East Anglia","quintile","4",,,"2018-2024",1.175,-1.137,3.487,,"Percent","Random effect from a linear mixed-effects model"
"in31","Economic activity","geography_caterpillar",,"ITL2","East Wales","economically_active_binary","1","itl2_adolescent_geo","East Wales","quintile","2",,,"2018-2024",-1.203,-4.215,1.808,,"Percent","Random effect from a linear mixed-effects model"
"in31","Economic activity","geography_caterpillar",,"ITL2","East Yorkshire and Northern Lincolnshire","economically_active_binary","1","itl2_adolescent_geo","East Yorkshire and Northern Lincolnshire","quintile","5",,,"2018-2024",1.758,-1.446,4.962,,"Percent","Random effect from a linear mixed-effects model"
"in31","Economic activity","geography_caterpillar",,"ITL2","Eastern Scotland","economically_active_binary","1","itl2_adolescent_geo","Eastern Scotland","quintile","2",,,"2018-2024",-0.369,-2.845,2.107,,"Percent","Random effect from a linear mixed-effects model"
"in31","Economic activity","geography_caterpillar",,"ITL2","Essex","economically_active_binary","1","itl2_adolescent_geo","Essex","quintile","4",,,"2018-2024",1.124,-1.431,3.678,,"Percent","Random effect from a linear mixed-effects model"
"in31","Economic activity","geography_caterpillar",,"ITL2","Gloucestershire, Wiltshire and Bath/Bristol area","economically_active_binary","1","itl2_adolescent_geo","Gloucestershire, Wiltshire and Bath/Bristol area","quintile","5",,,"2018-2024",2.344,0.087,4.6,,"Percent","Random effect from a linear mixed-effects model"
"in31","Economic activity","geography_caterpillar",,"ITL2","Greater Manchester","economically_active_binary","1","itl2_adolescent_geo","Greater Manchester","quintile","1",,,"2018-2024",-3.187,-5.449,-0.925,,"Percent","Random effect from a linear mixed-effects model"
"in31","Economic activity","geography_caterpillar",,"ITL2","Hampshire and Isle of Wight","economically_active_binary","1","itl2_adolescent_geo","Hampshire and Isle of Wight","quintile","2",,,"2018-2024",0.114,-2.385,2.613,,"Percent","Random effect from a linear mixed-effects model"
"in31","Economic activity","geography_caterpillar",,"ITL2","Herefordshire, Worcestershire and Warwickshire","economically_active_binary","1","itl2_adolescent_geo","Herefordshire, Worcestershire and Warwickshire","quintile","3",,,"2018-2024",0.242,-2.544,3.028,,"Percent","Random effect from a linear mixed-effects model"
"in31","Economic activity","geography_caterpillar",,"ITL2","Highlands and Islands","economically_active_binary","1","itl2_adolescent_geo","Highlands and Islands","quintile","1",,,"2018-2024",-5.807,-9.536,-2.078,,"Percent","Random effect from a linear mixed-effects model"
"in31","Economic activity","geography_caterpillar",,"ITL2","Inner London - East","economically_active_binary","1","itl2_adolescent_geo","Inner London - East","quintile","2",,,"2018-2024",-1.387,-3.98,1.206,,"Percent","Random effect from a linear mixed-effects model"
"in31","Economic activity","geography_caterpillar",,"ITL2","Inner London - West","economically_active_binary","1","itl2_adolescent_geo","Inner London - West","quintile","3",,,"2018-2024",0.674,-2.604,3.951,,"Percent","Random effect from a linear mixed-effects model"
"in31","Economic activity","geography_caterpillar",,"ITL2","Kent","economically_active_binary","1","itl2_adolescent_geo","Kent","quintile","1",,,"2018-2024",-1.455,-3.929,1.019,,"Percent","Random effect from a linear mixed-effects model"
"in31","Economic activity","geography_caterpillar",,"ITL2","Lancashire","economically_active_binary","1","itl2_adolescent_geo","Lancashire","quintile","4",,,"2018-2024",0.956,-1.755,3.668,,"Percent","Random effect from a linear mixed-effects model"
"in31","Economic activity","geography_caterpillar",,"ITL2","Leicestershire, Rutland and Northamptonshire","economically_active_binary","1","itl2_adolescent_geo","Leicestershire, Rutland and Northamptonshire","quintile","3",,,"2018-2024",0.159,-2.423,2.742,,"Percent","Random effect from a linear mixed-effects model"
"in31","Economic activity","geography_caterpillar",,"ITL2","Lincolnshire","economically_active_binary","1","itl2_adolescent_geo","Lincolnshire","quintile","3",,,"2018-2024",0.205,-3.13,3.539,,"Percent","Random effect from a linear mixed-effects model"
"in31","Economic activity","geography_caterpillar",,"ITL2","Merseyside","economically_active_binary","1","itl2_adolescent_geo","Merseyside","quintile","1",,,"2018-2024",-2.66,-5.448,0.128,,"Percent","Random effect from a linear mixed-effects model"
"in31","Economic activity","geography_caterpillar",,"ITL2","North Eastern Scotland","economically_active_binary","1","itl2_adolescent_geo","North Eastern Scotland","quintile","5",,,"2018-2024",2.756,-0.922,6.434,,"Percent","Random effect from a linear mixed-effects model"
"in31","Economic activity","geography_caterpillar",,"ITL2","North Yorkshire","economically_active_binary","1","itl2_adolescent_geo","North Yorkshire","quintile","5",,,"2018-2024",1.686,-1.575,4.947,,"Percent","Random effect from a linear mixed-effects model"
"in31","Economic activity","geography_caterpillar",,"ITL2","Northern Ireland","economically_active_binary","1","itl2_adolescent_geo","Northern Ireland","quintile","1",,,"2018-2024",-3.096,-5.49,-0.702,,"Percent","Random effect from a linear mixed-effects model"
"in31","Economic activity","geography_caterpillar",,"ITL2","Northumberland, and Tyne and Wear","economically_active_binary","1","itl2_adolescent_geo","Northumberland, and Tyne and Wear","quintile","2",,,"2018-2024",-1.368,-4.072,1.336,,"Percent","Random effect from a linear mixed-effects model"
"in31","Economic activity","geography_caterpillar",,"ITL2","Outer London - East and North East","economically_active_binary","1","itl2_adolescent_geo","Outer London - East and North East","quintile","5",,,"2018-2024",3.638,1.119,6.157,,"Percent","Random effect from a linear mixed-effects model"
"in31","Economic activity","geography_caterpillar",,"ITL2","Outer London - South","economically_active_binary","1","itl2_adolescent_geo","Outer London - South","quintile","1",,,"2018-2024",-2.248,-5.409,0.914,,"Percent","Random effect from a linear mixed-effects model"
"in31","Economic activity","geography_caterpillar",,"ITL2","Outer London - West and North West","economically_active_binary","1","itl2_adolescent_geo","Outer London - West and North West","quintile","5",,,"2018-2024",2.301,-0.409,5.01,,"Percent","Random effect from a linear mixed-effects model"
"in31","Economic activity","geography_caterpillar",,"ITL2","Shropshire and Staffordshire","economically_active_binary","1","itl2_adolescent_geo","Shropshire and Staffordshire","quintile","5",,,"2018-2024",1.593,-1.068,4.255,,"Percent","Random effect from a linear mixed-effects model"
"in31","Economic activity","geography_caterpillar",,"ITL2","South Yorkshire","economically_active_binary","1","itl2_adolescent_geo","South Yorkshire","quintile","1",,,"2018-2024",-3.144,-6.022,-0.266,,"Percent","Random effect from a linear mixed-effects model"
"in31","Economic activity","geography_caterpillar",,"ITL2","Southern Scotland","economically_active_binary","1","itl2_adolescent_geo","Southern Scotland","quintile","2",,,"2018-2024",-0.088,-3.247,3.07,,"Percent","Random effect from a linear mixed-effects model"
"in31","Economic activity","geography_caterpillar",,"ITL2","Surrey, East and West Sussex","economically_active_binary","1","itl2_adolescent_geo","Surrey, East and West Sussex","quintile","4",,,"2018-2024",1.362,-0.892,3.616,,"Percent","Random effect from a linear mixed-effects model"
"in31","Economic activity","geography_caterpillar",,"ITL2","Tees Valley and Durham","economically_active_binary","1","itl2_adolescent_geo","Tees Valley and Durham","quintile","3",,,"2018-2024",0.924,-2.094,3.942,,"Percent","Random effect from a linear mixed-effects model"
"in31","Economic activity","geography_caterpillar",,"ITL2","West Central Scotland","economically_active_binary","1","itl2_adolescent_geo","West Central Scotland","quintile","1",,,"2018-2024",-2.403,-4.991,0.185,,"Percent","Random effect from a linear mixed-effects model"
"in31","Economic activity","geography_caterpillar",,"ITL2","West Midlands","economically_active_binary","1","itl2_adolescent_geo","West Midlands","quintile","3",,,"2018-2024",0.897,-1.181,2.975,,"Percent","Random effect from a linear mixed-effects model"
"in31","Economic activity","geography_caterpillar",,"ITL2","West Wales and The Valleys","economically_active_binary","1","itl2_adolescent_geo","West Wales and The Valleys","quintile","1",,,"2018-2024",-2.223,-4.627,0.181,,"Percent","Random effect from a linear mixed-effects model"
"in31","Economic activity","geography_caterpillar",,"ITL2","West Yorkshire","economically_active_binary","1","itl2_adolescent_geo","West Yorkshire","quintile","2",,,"2018-2024",-1.223,-3.629,1.183,,"Percent","Random effect from a linear mixed-effects model"
